{
  "project_info": {
    "project_number": "1057322447027",
    "project_id": "kit305-607-ca15e",
    "storage_bucket": "kit305-607-ca15e.appspot.com"
  },
  "client": [
    {
      "client_info": {
        "mobilesdk_app_id": "1:1057322447027:android:ef016d588cd168b49d40c6",
        "android_client_info": {
          "package_name": "com.example.assignment1"
        }
      },
      "oauth_client": [
        {
          "client_id": "1057322447027-8mj5gc9dh49mt38mbnkmsd0736bf9lrj.apps.googleusercontent.com",
          "client_type": 3
        }
      ],
      "api_key": [
        {
          "current_key": "AIzaSyDSk6YJFlacG-S7GZwnsKa2K-eIYZA3pTM"
        }
      ],
      "services": {
        "appinvite_service": {
          "other_platform_oauth_client": [
            {
              "client_id": "1057322447027-8mj5gc9dh49mt38mbnkmsd0736bf9lrj.apps.googleusercontent.com",
              "client_type": 3
            }
          ]
        }
      }
    }
  ],
  "configuration_version": "1"
}